category,keyword
public_health,公共卫生
public_health,卫生健康
public_health,医疗
public_health,诊疗
public_health,医患
public_health,医务
business_professional,经商
business_professional,商业
business_professional,职业
business_professional,聘用
business_professional,经营管理
business_professional,企业
business_professional,职业道德
business_professional,单位
revolutionary_culture,英雄
revolutionary_culture,烈士
revolutionary_culture,瞻仰
revolutionary_culture,红色
revolutionary_culture,模范
revolutionary_culture,革命
revolutionary_culture,纪念
voluntary_work,志愿者
voluntary_work,义工
voluntary_work,募捐
voluntary_work,捐款
voluntary_work,捐物
voluntary_work,助学
voluntary_work,助残
voluntary_work,扶老
voluntary_work,济困
voluntary_work,赈灾
voluntary_work,关爱
voluntary_work,社区服务
voluntary_work,公益活动
voluntary_work,无偿
family_relations,夫妻
family_relations,婚育
family_relations,家教
family_relations,家长
family_relations,亲属
family_relations,亲情
family_relations,赡养
family_relations,抚育
family_relations,监护
family_relations,照护
family_relations,探望
family_relations,和睦
family_relations,育儿
family_relations,家务
ecological_concerns,环保
ecological_concerns,节能
ecological_concerns,节水
ecological_concerns,节电
ecological_concerns,减排
ecological_concerns,污染
ecological_concerns,治污
ecological_concerns,垃圾分类
ecological_concerns,资源回收
ecological_concerns,清洁能源
ecological_concerns,循环经济
ecological_concerns,新能源
ecological_concerns,绿色出行
ecological_concerns,绿化
public_order,公共秩序
public_order,社会安全
public_order,国家安全
public_order,公共突发事件
public_order,公安机关
public_etiquette,公共礼仪
public_etiquette,言行得体
public_etiquette,礼貌
public_etiquette,礼让
public_etiquette,尊重他人
public_etiquette,友善